fold,rmse,mae,pearson
1,0.6669920086860657,0.48318949341773987,0.7979240058246566
2,0.6693610548973083,0.47909873723983765,0.7992710439493852
3,0.6961544156074524,0.48846420645713806,0.7828676378271755
4,0.6799420118331909,0.4892202913761139,0.8035138721279873
5,0.660335898399353,0.47428736090660095,0.8173250172155779
