fold,rmse
1,0.6669823527336121
2,0.6692701578140259
3,0.6960695385932922
4,0.6798548102378845
5,0.6603226065635681
