{
  "benchmark": "openadmetpxr",
  "seed": 42,
  "cv_n_splits": 5,
  "cv_split_seed": 42,
  "fold_rmses": [
    0.7020465731620789,
    0.6195479035377502,
    0.7235549688339233,
    0.6328274011611938,
    0.6637774705886841
  ],
  "rmse_mean": 0.6683508634567261,
  "rmse_std": 0.044292931986054
}