fold,rmse
1,0.7020465731620789
2,0.6195479035377502
3,0.7235549688339233
4,0.6328274011611938
5,0.6637774705886841
