fold,rmse
1,0.6669715642929077
2,0.6692655682563782
3,0.6961684823036194
4,0.679863452911377
5,0.6603054404258728
