fold,rmse
1,0.7163516283035278
2,0.6643141508102417
3,0.6960929036140442
4,0.6618353724479675
5,0.6872270703315735
