fold,rmse
1,0.6933936476707458
2,0.6225658655166626
3,0.7341665625572205
4,0.638915479183197
5,0.663127601146698
