{
  "benchmark": "openadmetpxr_mordred",
  "seed": 42,
  "cv_n_splits": 5,
  "cv_split_seed": 42,
  "fold_rmses": [
    0.6933936476707458,
    0.6225658655166626,
    0.7341665625572205,
    0.638915479183197,
    0.663127601146698
  ],
  "rmse_mean": 0.6704338312149047,
  "rmse_std": 0.044517254713004294
}