fold,rmse,mae,pearson
1,0.7163326144218445,0.5133225917816162,0.7753964027007303
2,0.664400577545166,0.4893236458301544,0.826726395073129
3,0.6960248351097107,0.47321975231170654,0.789489068676733
4,0.6618568301200867,0.4861620366573334,0.7922351326177557
5,0.6873002052307129,0.49165284633636475,0.7921473972134501
