fold,rmse
1,0.9688915610313416
2,0.9080601930618286
3,1.0106288194656372
4,0.8973552584648132
5,0.9419989585876465
