{
  "benchmark": "openadmetpxr_smited",
  "seed": 42,
  "cv_n_splits": 5,
  "cv_split_seed": 42,
  "fold_rmses": [
    0.9688915610313416,
    0.9080601930618286,
    1.0106288194656372,
    0.8973552584648132,
    0.9419989585876465
  ],
  "rmse_mean": 0.9453869581222534,
  "rmse_std": 0.04615402726785718
}